S/No,Gloss,Jenjo,Munga Dosso,Tha,Kyãk,Moo,Lelau,Mak,Maghdi,Loo,Burak
1,all,hɛ̃́,k͡pɑ̀m,ɓíθí,dɛ̄,sē,ǹ̩dəì,píp,píp,k͡pə́ŋ,fɛ̄k
2,animal,j̥ə̃́,j̥ə̃̀m,nɨ̀ŋθɑ̀,nɨ̀ŋbjə̀ŋ,nɨ̀ŋbjə̀ŋ,nùŋbjə̀ŋ,nùŋbɑ̂,nūŋbɑ̌,núŋɓə̀l,nūŋdɑ̀gə̄ŋ
3,answer (v),kwə̤̀̀,gwə̀ŋ,gwə̀,gwə̀b,gwə̀b,gwə̀b,gə̀b,gɑ̀b (ɲwā),gə̀b (dɛ̄),gɑ̀b
4,arm,kә́nɑ́,nɑ̀,kə̀nɑ̀,nɑ́,nɑ̌,nɑ́,nɑ̌,nɑ̀,ná̤,nɑ̂
5,arrow,bút͡ʃí,ɓùt͡sə̀,m̩̀̀bṹ,ɓut͡ʃí,ɓút͡ʃí,ɓút͡ʃí,núŋtə̂u,təù,ʔɛ́ɾɓwí,ɑ̂ɾfjɔ́k
6,ashes,fō̤,vəù,cwә́ŋ ɥɑ́,gwī,sɔ́ŋ,sóŋ,twə̌ŋ,d͡ʒwê,gwí,gwī
7,ask,bí,ɓí,bìm,ɓí,ɓíp,ɓìp (bɑ́),ɓíp,ɓíp,bép,ɓíp
8,back,t͡swɑ̀,t͡swɑ̀,jə̀kṹ,mwə̀l,mwə̌l,mwə̀l,mə̌l,ɗɨ́mɑ̀l,mә́l,mə̀l
9,bad,ɑ̀bē,ɥ̥ĩ̂w,ɲә́w,ɑ̀ɓò,ɑ̀ɓɔ̀,mɑ̀wó,mɑ̀ɓó,ɲínɑ̀kō,ɑ̀ɓɔ̀,ɓə̀klɛ́
10,bambara nuts,nɨ́ŋt͡sɛ̄ lwə̀ŋ,nɨ́ŋd͡zɛ̀fĩ̄,núɥépjəù,nɨ́ŋgùjú,nɨ́ŋgwìjú,núŋgwìjú,núŋg͡bɑ̀m,ɓɑ̀lɑ̀,dùɾɔ̀,dùɾò
11,bark,pwə̀,pwə̀,kwə̀ŋkɑ̀,pwə̀m,pɔ̀ŋ,kwɔ̀ŋ (kəp),kwə̀ŋ (kə̀p),kɔ̂ŋ (kə̀p),kɔ̀lɛ̄,kɔ̀klɛ̀
12,basket,lò,kə̀lō,kə̀ləú,kùɗɔ̀k,(kə̀)ɗɔ̀k,ɗòk,ɗɔ̀k,ɗɔ̀k,ɗɔ̀k,ɗɔ́k
13,beer,mí,mìm,mɨì,mín,mín,mín,mín,mín,mín,mìn
14,belly,ɥɑ́,ɥɑ̀,ɥɑ̀,wɑ́,wɑ́,wɑ́,fú,fū,fú,fû
15,beneath,pū,bù,bò,pí,pī,pìswɑ̀,bí,bī,vō,bī
16,big,ɑ̀kã̄,ɑ́ŋgɑ̃̀,nɑ́gò,gɔ̃̌zī,āŋgã̄,ɑ́ŋgã̄,gwə̂ŋ,gɔ̀ŋ,mút,kə́mùɾí
17,bite,t͡swĩ̄,t͡swĩ̂,dũ̀,t͡swɛ̃̄,ɲɛ̄,cwɛ̃̄,ɥí,ɥ́i,pəí,lúm
18,bitter,ɲǐ,nínì,ɲwī,ɲî,ɲì,ɲíθə̀,ɥɑ́ɥɑ̀,ɥɑ̀,ɲɛ̄t,ɥɑ́
19,black,bī,ɓî,nɑ̀ɓì,ɓɨ́lɨ̀m,ɓìl,à ɓìlìm,ɓɨ́lɨ̀m,ɓílīm,ɓíl,ɓílīŋ
20,blood,ɥ̥ǐ̤,ǹ̩ɥ̥ì̤,vì,zwī,zǐ,zĩ̄,ɥē,ɥē̤,dùm,wě
21,bone,kùkú,kùkʊə̀,kùkù,kı̵̄p,kūb,kùkùp,kwə́b,kóp,kúp,kúp
22,bow,kɑ́ntwə̀ŋ,kə̀ntɑ̃̀w,g͡bɑ̃̀təú,kɑ́ntɔ̀,kə̀ntɔ̀,kə̀ntəù,kə̀ntəû,kə̀ptəù,təù,kə̀fjɔ́k
23,break (v),wə́,ʊɑ̀,gwə̀,ɑ́b,ɑ̀b,ɑ̀b,ʔɔ́b,òp,kɑ́,kɑ̌
24,breast,mì,mì,mī,mí,mǐ,mí,mí,mì,mí,mî
25,breathe,hṹ,hṹ,hũ̄,ŋɔ̂,ŋɔ́,ŋwə̀ɲì,ŋə́mɑ́,ùmɑ̀lɛ̀,úmə́,úmé
26,brother/sister,ɥ̥ĩ̌,ɥ̥ĩ̂,ɥə̀,jwə̄ŋ,ɲɔŋɔ̀m,ɥə́ŋə̀m,ɲîn,ɲîn,ɲín,ɲín (mì)
27,burn,t͡swə̃́,t͡swə̂m,cwē,lī,swén(lǐ),lì,swēn,ʃwɛ̀nɛ́,kʊ́ɾɑ́,kɔ́ɾɑ́
28,bury,t͡swì,t͡swî,tù,sú,sú,sú,tǔ,tú,tǔ,tú
29,bush,bɨ̀ŋhù,ɓɨ́ŋvù,tɑ́ŋgù,wɛ̄gūk,wēgūk,dɑ̀ŋgùk,dɑ̀kɑ̀,dɨ́ka᷇,də̀kɑ̀,dɑ̀kɑ̀
30,calabash,d͡ʒì,lì,ləì,ɗɛ̄,ɗē,ɗəì,ɗəī,ɗəí,ɗɛ̄,ɗɛ̄
31,call (v),d͡zúpɨ̀,ɗúpɨ̀,dúbì,lɨ́bē,lɨ̄bē,lùbəí,vɨ́nɨ́,lúvəì,lú,lú
32,carving axe,sɑ́,sɑ̀,ɟé ɑ́ θɑ́nɨ̀ŋ,sã́,sɑ́,θɑ̃́,sɑ̃́,ʃɑ̀,sɑ̀,dùmkɔ́lɔ́
33,cassava,we,wəì,júkə̄,ɾógó,zə̀ŋkwə̀m,ðə̀n,ɥékúmɑ́,bə̃ì,wìkɨ́mə́,wēkúmɑ́
34,child,ìmwə̀,ìmwə̀n,ɥì,wɨ̄ŋðə́ŋ,wī,ɥìmðə̀n,júkúɲə̂ŋ,jú,jū,jū
35,clay,ʍə̀,ɥ̥ə̀,ɟúɟwɑ̀,swɑ́p,swɑ́p,swáp,swə̀b nɨ́ŋmwí,ʃōp,dɔ̀b,dòp
36,clean,kĩ́,ì,kɑ̃̀,ǐŋ,í,ìθə́,ɨ̂n,ɗí (nɨ̀),ɗí,ɗí
37,cloud,t͡ʃì,t͡ʃî,dùlè,tɛ̄,tê,təì,teî,túɾúm,túɾūm,túɾūm
38,cobra,ɲwɛ́,ɲwɑ̀m,ɟəùŋù,bjɔ̀ŋmùŋ,bēkŋwɑ̀m,bjɛ̀kŋwɑ̀m,ŋə́mú,ɑ́mɔ̀k,ŋə̀mɔ́k,ŋə́múk
39,cold,tɑ̃́,tɑ̃̀,tɨ̃́,tém,tém,témθə́,tə́mɑ́,tə́mā,tə̀mə̄,tə́mɑ́
40,come,wú,wə̀,wə̀,wɛ̀,wɑ́,wə̀,jə̀,jí,jɨ́,jí
41,cook,ɥì,ɥì,jəù,jō,jǒ,jò,jəû,jəùwē (nūŋ),jō,jǒ
42,count,sɑ̤̀̀,zɑ̀m,hò,zēn,zēn,(ɑ̀) ðə̂n,də̀bɑ́,dɑ́bā,dɨ̀ɓɑ̀,də̀bɑ̀
43,crab,kə̄ŋ,ǹ̩gɨ̃́jə̀ŋ,ŋ̩̀̀gə̀lə̀ŋ,bûŋ,bûŋ,ǹ̩būŋ,bɨ́ŋ,bə᷇ŋ,bɨ̤̀̀ŋ,d͡ʒɛ̀ŋɛ̀
44,crocodile,ʃɨ́,sɨ̀,sɨ̀,swə́m,sɨ̀p,θìp,s̪ɨ́b,ʃɨ́p,ʃɨ́p,ʃɨ́p
45,cut,kə̀,kwəì,gə̀,kū,kū,ɓɑ̀ɾ,kɨ́p,gə̀b,kə̌p,gə̀b
46,dance,də̀ŋ,də̀ŋ,də̀ŋ,də̂ŋ,də̄ŋ,də̀ŋ,də̀ŋ,də̂ŋ,d͡ʒí (nūŋ),d͡ʒí(nūŋ)
47,day (counting unit),vì,vì,vē,bù,bō,vì,bō,fɑ́lɛ̄,ɓəì,ɓɛ̀
48,day (light),fǐ,ɗwɑ̀fî,ɥɑ̄fē,fū,(wē) fû,(də̀ŋ) fū,fɑ́ɾ,fɑ́lɛ̄,ɓəì,ɓɛ̄
49,demolish,dè,deì,dwé,dɨ̀ɾ,dɨ̂ɾ,dɨ̀ɾ,ɗúɾ,dú (lē),móɾè,mōɾè
50,die,bwí,ɓwîŋ,ɓwí,ɓwì,ɓwì,ɓwì,ɓēɾɑ́,ɓílɑ̀,ɓúɾɛ̄,ɓwɛ́(ɾɛ)
51,dig,hɑ̀,hɑ̀,ðɑ̀,zɑ̀,zɑ̀,ðɑ̀,jɑ́,jɑ̀,jā,jɑ̌
52,dirty,bí,ɓìŋ,ɓì,ɓɨ́l,ɓɨ̀lɨ́ŋ,ɓìlìŋ,ɗɨ́ɾɨ́ŋ,ɓíl,ɓíl,líɾīŋ
53,do,t͡swè,t͡sweì,nə̀̚,tó,t͡ʃó,tó,nɑ́,na᷇,nɛ̄,nɛ̄ː
54,dog,ìd͡zwɑ́,jíɗwɑ̀,ɥìɥɑ̀,d͡zwâ,wìɗwɑ̀,ɗwɑ̀,ɗwɑ́,ɗwɑ̀,ɗwɑ́,ɗwɑ̌
55,dream,mwílɨ́,mwíɾɨ̀,mwìmwì,mwèn,mwèn,mwə̀nì,mwɑ̀,mwɑ̀lɑ̀,múɾɑ̀,mɔ́ɾɑ́
56,drink,ŋwɑ́,ŋwɑ̀,nù̚,ŋwɑ̀,ŋwɑ̀,ŋwɑ̀,núʔú,ɲɔ́,ɲwə́,ɲɔ̌
57,drum,də̀ŋ,də̂ŋ,gə́ŋgə̀ŋ,də̀ŋ,də̂ŋ,də̀ŋ,də̄ŋ,də̄ŋ,də̀ŋ,də̀ŋ
58,dry,t͡ʃī,t͡ʃìŋ,ɥ̥ìjē,kwí,kwí,cwí,kwaí,kwaí (nî),kwəí,kwē(lē)
59,dust,fō̤,vəù,kúʃí,vùk,kúnɗúɾ,kùnɗùɾ,kúnɗúɾ,bə̀p,cûndɨ̀ɾɨ̀,kwìntìɾì
60,ear,t͡ʃwìt͡ʃwí,t͡swìt͡swì,ɓwɑ̀cwì,t͡ʃwī,ɗɔ̀kfī,ɗɔ̀kswî,ɗɔ̀kswē,ʃwê,twí,twe᷇
61,earth,fɑ̀ŋɡwɑ̀,fɑ̀ŋgwɑ̀m,jə̀fɑ́ŋgwé,lùŋgwə̀m,lògwə́m,lóŋgwɑ̀m,lògwɑ́m,lògôm,bílɨ́,bíjélé
62,earthworm,ɥ̥é,ɥ̥ēm,tɑ̀nɑ̀,nù ɑ̀ɓò,nɨ̀ŋ ɑ̀ɓô,ʃɔ̀klɑ̀m,nūŋɓɑ́ɣɑ́,mûnd͡ʒɑ̀k,túlɛ̀lɛ̀,twēlēlēk
63,eat,tə́ŋ,tə̀ŋ,tə́ŋ,tə́ŋ,tə́ŋ,tə̀ŋ,tə́ŋ,tə́ŋ,tə́ŋ,tə́ŋ
64,egg,pɨ̄ŋ,bɨ̀ŋ,bɨ̄ŋ,bùŋ,bùŋ,būŋ,bə́ŋ,bə̀ŋ,bə̄ŋ,bə̄ŋ
65,egret,sɔ̃́sɔ̃̀,t͡ʃìnt͡ʃə̃ù,ɲ̩̀̀ɲɑ́lē,t͡ʃṹt͡ʃɔ̃̀,zɑ̌lōɲə̀k,cīŋcə̃ù,júlúŋbílɑ̀,nūŋlòɲɛ̀k,sèmlóɲɛ̄k,ʃēmlòɲɛ́k
66,eight,ɥĩ̀tə́,kə̀ɲɑ̀kə̀ɲɑ̀,ɟēɗíɗí,gùnɛ̄,gɔ̀gúnɛ̄,ǹ̩gùnəì,gwə̀ŋnā,gɔ́nɔ̀gɔ̀nɔ̀,nə́tə́t,nɑ́tə́t
67,elephant,sō̤,zò,ðəù,zòk,zɔ̀k,zɔ̀k,zʊ́k,d͡ʒɔ̀k,d͡ʒʊ́k̚,d͡ʒʊ́k
68,empty,bɔ̃̀bɔ̃̀,fɑ̀m,nɑ́ncòhã̀nɨŋ,fólô,kwə́ŋnɨ̄ŋ,jə̀ŋù,núŋjēdɨ̀réŋ,ɓéntó,kwə̄ŋ,kɔ̀ŋɲî
69,eye,nɨ́ŋ,nɨ̀ŋ,ɓwɑ́nú,núŋ,nɨ́ŋ,núŋ,núŋ,núŋ,núŋ,nû
70,fall,ō,ò,ʔò,ō,ō,ò,jə́w,jəù,wǒ̤,wō
71,far,t͡swī,t͡ʃwí (hĩ̂w),cwē,t͡ʃû,t͡ʃū,tû (lì),tú,túlɑ̀,túrə̄,g͡bɛ̄nɛ̄
72,fat,ɲwī,nwì (hĩ̂w),ɲwì,ɲwī,ɲwī,nwì,ɲwí,ɲwɛ̂,nwī,nwí
73,father,tɑ̌,dɑ̀,dɑ̀,tō,tâ,dɑ̂,tə́,tɑ́,têt,tɑ̂
74,fear,sɨ́bí,ɓì,núdə́,vɨ́l,vɨ̀ɾí,vɨ̀lì,sùvɨ́lə́,vìlì,vílí,vílí
75,feather,t͡sà̤,d͡zɑ̀m,ɟɛ̃̂,bjə̀ŋ,bjə̄ŋ,bjə̀ŋ,bā,ba᷇,fī,fɪ̂
76,feces,bɨ́ŋ,ɓɨ̀ŋ,wì,búŋ,búŋ,ɓúŋ,ɓoí,ɓoī,ɓwaí,ɓújē
77,fencing mat,kī̤,gì̤,gī̤,gē,kwə̄ŋ (d͡ʒē),gəì,kóɾɨ̀,kólì,kúɾɛ̄,d͡ʒī (kɔ̀ɾɛ̀)
78,fetch,tə̀,tə̀,nə̀,ɓɑ̀,ɓā,ɓɑ̀,ɓɑ́,na̤᷇,nɛ̄,núŋɲí
79,few,t͡swə̀nî,t͡swə̀nî,t͡ʃíɗɑ́ŋ,t͡ʃwə̀b,t͡ʃwə̀b,t͡ʃwɑ̀b,t͡swə̀b,tóp,tɔ̂p,tòp
80,fifteen,lǐ,lî,nə̀θédɑ̀nə́nə́ɲù,swə̀bɗúnùjúŋ,sɔ̀b úɲú,lì,swə̀bìlínúwə́b,ʃópɗínúwɔ̀b,swə̂bɗînɔ̄b,ʃópɗínɔ̂b
81,fight,ʍə̄,vwə̀m,m̩̀̀bē,vɨ̄m,vɨ̀m,vɨ̤̂m,zwə̄,túlɑ̀,t͡ʃə́b,ʃə́p
82,finger,nɨ́ŋɥ̥ə̀nɑ̀,ŋwɑ̀nɨ̀ŋɥ̥ə̀nɑ́,lóveì,wə̀nzīnā,ŋwɑ́zɨ̀nɑ̌,ŋwɑ́nzùnɑ̀,ɥə́ɾnâ,ɑ̀lnā,nɑ́d͡ʒùnā,nɑ́d͡ʒūnɑ̄
83,finish (v),tɨ̀ŋ jə́ŋ,tɨ̂ŋ,cɛ̃̀,ðɨ̀m mə́ŋ,zɨ̀m(ɨ́ŋ),ðə̀mɨ́ŋ,fɑ́ nɨ́,fɑ́ːnɛ̄,fānɛ̄,fɑ́nɔ́
84,fire,d͡zwɑ̀,ɗwɑ̄ː,ɥɑ̀,ɗwɑ̀,ɥɑ̀,lwɑ̀,lwɑ́,lwâ,lwɑ̀,lwɑ̀
85,fish,j̥ɨ̀ŋ,ɥ̥ɨ̀ŋ,θìŋ,θɨ́ŋ,sɨ́ŋ,θɨ́ŋ,seí,ʃəī,t͡ʃē,ʃíjɛ̀
86,five,m̥mɨ̀,nə̀ ɥ̥ĩ̀,nə̀nù,nùɲúŋ,ɲǔ,nû,núwə́b,núwōp,nôb,nɔ̂b
87,float,pɑ́,pə̀m,wíkòmɨ̀ŋ,lòmúŋ,lwēŋlô,lòmûŋ,lómwì,tòl lǒ,lwê,ləúnɑ̀lòmɛ̌
88,flow,sē,zē,ʒì,zɛ̄l,nɑ̀pʰin,cə̀l,cɑ́l,fɑ́nɛ̄,jɑ̀k,ʃí (lí)
89,flower,fɨ́ŋlɨ́,fɨ̀ŋ(ɾɨ̀),fɨ̄,vɨ̀n,vìnú,vɨ̀n,vɨ́nɨ̀ (kə̀p),vìnlɛ̌,bɨ̀lèlé,bìlē
90,fly,jā,jɑ̀,wíjè,wúɾéjɨ́ŋ,wùrínjí,ɨ́ɾɨ̄jí,wùɾɑ̀,wílí,wùɾɨ́,wúrí (nɑ̄)
91,fog,tə̀búd͡ʒɨ̀ŋ,bùt͡sûŋ,dúlé,bɨ̀vɨ́ŋ,zɨ̀nɗɨ̀ɾ,kùɣɑ̀m,kwə̀xə̀m,kɔ́kɔ̀m,kɔ̄m,kɔ̄m
92,food,nɨ̀ŋtə́ŋ,nɨ̀ŋtə̀ŋ,nɨ̀ŋtə̀ŋ,nùŋtə́ŋ,nɨ̀ŋtə́ŋ,nùŋtə́ŋ,núŋtə́ŋ,nūŋtə̀ŋ(ɛ̀),nùŋtə́ŋ(ə́),nūŋtə́ŋ(ɛ̄)
93,foot,pū,bù,bò,ɓúk,bò,bò,bō,vò̤,vō,vō̤
94,four,ɲə̀,nə́ɲə̀,nə̀ɲə̀,nɛ̄,nɛ̂,nəì,nēt,nə̀ɾ,nēːt,nɛ̤̄t
95,front,t͡ʃí,t͡ʃì,cì,sílɛ̄,sí,θɑ̌ʃí,sí,tí,tí,tî
96,fruit,t͡ʃílɨ́,t͡ʃì(ɾɨ̀kə̀),cìkə̀nɨ̀ŋ,sǐw,sí(kə̀p),sì (kə̀p),súɾ (kə̀p),ʃwíɾí,túɾí,túɾí
97,full,jɨ̀lə̂,jɨ̀lə̀,jí,jɨ̀lɨ̀ŋ,jɨ̂ŋ,jìθə̀,jìdə́,jì̤̀nî,jí,ɓɔ́t
98,give,tə̀,də̀,ɗə̀,dɛ̄,dɨ̄,də̀,ə̀,ɛ̄,fɑ́,fɔ́(lɛ́)
99,go,tə́,tə̀,ɗɨ̀,tɛ́,tə́,tə̀,tɑ́,ɗɔ̀,ɗwɑ́t,ɗót
100,good,hĩ̌,ɥ̥ĩ́ɥ̥ĩ̀w,nɑ́lɑ̀ŋ,ɲîn,ɲîn,mɑ̀ɗíŋ,mɑ́ʔín,ɲínɑ̀,ɲínɑ́,ɲí(nɑ́)
101,gourd,lɑ̀,kù,gɨ́w,kūlūk,kúlùk,kùlùk,kúlùk,kúlùk,d͡ʒɑ̀ɾɑ̀,d͡ʒɑ̀ɾɛ̀
102,grass,hṳ̄,vù,gù,bā,gūk,gùk,kâ,kɑ́,kâ,kɑ̂
103,gray hair,swĩ́,fĩ̀,ʒɑ̀ŋkú ɑ́ vɨ̃̀,fī,fí,m̩̀̀bù,bū,vūŋ,t͡ʃwé,ʃwe᷇
104,greet,t͡sɑ̄ː,t͡sɑ̤̄,dè,gwə̀mbē,gūm,gūm,gùm,gòm,gùmē,gùm(lí)
105,grind,nə́,nə́,mè,nə̀m,nə́m,nə̀m,nə̀m,nə́m,ném,nə̀m
106,groundnuts,(nɨ́ŋ)t͡sɛ̄ː,nɨ́ŋd͡zɛì,núɥé,gwī,(nɨ́ŋ)gwî,nùŋgwì,nūŋd͡ʒúɾā,ʒùlɑ̀,g͡bɨ̀ɾɛ̄,g͡bɛ̄ɾɛ̄
107,gruel,lō,mɨ̀ŋ ló,mɨ̀ŋ,mɨ̀ndə́m,mɨ̀ndə᷈m,mùŋdə́m,məìdɑ́m,də́m,ɓíjɑ̀,ɓíjɑ̀
108,guinea corn,mwú,mùm,mù,mɨ̀n,nɨ́ŋ mīn,núŋ mìn,jɨ́tā,íʃɑ̀,jā,jɑ̌
109,hair,t͡sɑ̀ː,d͡zɑ̀m,ʒɑ̀ŋkù,bɑ̀(lò),bjə̄ŋ,bjə̀ŋ,bā,ba᷇,fî,fē
110,hand,nāː,nɑ̂,nɑ̀,nɑ́,(də̀ŋ) nɑ́,nɑ́,nāː,nā,nā̤ː,nɑ̤̂
111,he/she (SUB),ò,ù,nə́,ú,ú,ù,nɑ̀,nɑ̀,nə̀,nɑ̀
112,head,kú,kù,jə̀kù,lò,lô,lō,ləū,lō,lō,lô
113,hear,lí,lì,lɑ̀,lî,lɨ́,lɑ̀,lɑ̀ɾɨ́,lɑ́lɛ̄,lɑ́ɾə̀,lɑ́ɾɛ̀
114,heart,twé,t͡swə̀m,ɲínɑ́,lòɲí,zū,zû,dṳ̄,dṳ̀,dú,nígɔ̀
115,heavy,mwí,mwì,mùmù,ɓwə̀ŋdɨ̀ŋ,ɓwēn,ɓùn,ɓínā,ɓínɑ̀,ɓúnə́,ɓùnɔ́
116,her/him,wə̀,wə̀,nə́,wə̀,wù,wù,nɑ̀,na᷇,nə̀,nɑ́
117,hit,g͡bə́,g͡bə́,g͡bɑ́,g͡bə̀b,ɓóp,ɓwɑ̀p,g͡bə́b,g͡bə́ b,g͡bə́b,g͡bə́p
118,hoe,pɨ̃̄,bɨ̀m,bə̀ŋ,gwɑ́mbɑ̀,bə́ŋ,bɨ̀ŋɑ̀,dūp,dōp,dɨ́mə́,ʃùkɑ́
119,hole,bwɑ̀,ɓwɑ̀,ɓwɑ́,ɓwɑ̀,ɓwɑ̀,ɓwɑ̀,ɓwɑ̀,ɓwɑ̀,ɓwɑ̀,ɓwɑ᷅
120,honey,(ɲwì)twə́ŋ,mɨ̀ŋt͡swə̀ŋ,cwə́ŋ,swə̀ŋ,mùŋsɔ̀ŋ,sɔ̀ŋ,məítʌ̀ŋ,məìtə́ŋ,tē,ɲwìnɔ̄nɔ̀
121,horn,d͡ʒí,ɗì,lòɓì,ɓí,ɓí,ɓì,ɓi᷇,ɓí (kə̀p),ɓɔ̄k,ɓwɛ́k
122,hundred,ŋwúm̥mɨ̀,hùn ɥ̥ĩ̂,jə̀ŋnɨ̀ŋnɑ̀ɲù,gɨ́ɾɑ̀ɾɑ̀b,zɨ̀m ɲú,ðìmnú,fɑ̀núwòb,fɑ̀ːnúwòp,t͡ʃúsɔ́b,fɑ́nɔ̂b
123,hunt,d͡zwíhṳ̄,ɗwìɓɨ̀ŋvù,lò,wɛ̄gúk,t͡swòwégūk,nùŋkə́bì,gɑ̌bō,ɗìjē,gɑ́pēn,nɛ̀kɑ̂
124,husband,bwū,ɓù,ɓì,ɓɛ̄,ìɓēgwē,ɓə́m,ɓəì(mɨ̀),ɓē,lɨ́bə̄,ɓɛ̄(mì)
125,hyena,t͡swí,t͡ʃwî,tù,zə̀zū,zɔ̀zū,zwɑ́tù,nâdūmlɨ̀,dɨ́ɓə̀,ɲwɑ́ɾɨ́kìm,d͡ʒɑ̀d͡ʒú
126,I,ǹ̩,ǹ̩,ǹ̩,ǹ̩,ɓə̀ŋ,ǹ̩,mə́,nì,mɛ̄,mì
127,kill,jə̀,j̥ə̀,θə̀,zə̀p,zə̀p,ðə̂p,wə̀b,wòp,wə̀b,wòb
128,king,ívə̀,jìvə́,kú,jìgwɛ̂,jɨ̀gwē,jɨ̀gwəì,gūb,gṳ̄b,gwə̀b,gúb
129,knee,d͡zwə́ŋ,ɗwə̀ŋ,lòjɑ̀ŋ,ƙə́ŋ,ŋwɑ̀zìɥɑ́ŋ,ŋwɑ̀lwə́ŋ,nwālwə̀ŋ,lɔ̀k,ɲwɑ́lɔ́k,lɔ̀k
130,knife,ɥ̥ɑ̀,ɥ̥ə̀m,θɑ̃́,swèn,swēn,swɑ̀n,ɓì,ɓí,tɔ́lɔ́,tɔ́lɔ́
131,know,jí,íbɨ̀,ǹ̩jē,í,ɨ̌ŋ,ìbəí,íɾɑ̀,ílɑ̀ (nɛ̄),ɛ́ɾɛ́ (ʃɔ̄),ɛ́ɾɛ̄
132,laugh,mə́,mə̀m,mɨí,mə́m,mə̌m,mə̀m,mə̀m,mə́m,mə́m,mə́m
133,leaf,jə̀ŋ,jə̀ŋ,jə̀ŋ,jɔ̀k,jə̀ŋ,jə̀ŋ,jə́ŋ,ɲə̀ŋ,jə̀ŋ,jə̌ŋ
134,left (side),mì,mì,mɨì,mɛ̄,mɛ̄,məì,məī,mɑ̀lɛ̀,mɑ́ɾə̀,mɛ̄
135,leg,kə́pū,kə́bù,kə́bò,bō,bō,bò,bō,vò,vō̤,vō̤
136,lie (down),lwé,lweì,ləú,ló,lǒ,ló (swɑ̀),lʌū,ləú,ləú,ləú
137,lift (v),t͡ʃə̃̀,kwɑ́ɗɑ̀ɗɨ̀,ɓò,lē,ɲìm,ləìjí,pɨ̀,ʃə́ (lɑ̀),ʃɨ́lə̀,kíɗɑ̀(lɛ̄)
138,light (not heavy),jéfɨ́ləŋ,jē,mùŋ̩́,wènɾû,jēb,ɓwɑ̀nú(jə̀bí),jə̀blɨ̀,jə́blɛ̄,ɓùnóbɔ̀,jə̀blɑ́
139,lion,ɥɑ̤̄,ɥ̥ɑ̤̀ː,zwɑ̀,zwā̤,zwɑ̀,zwɑ̀,zwà̤,d͡ʒwā̀,d͡ʒwē̤,nùŋbēdə̀ŋə̀
140,live (at),kú (lè),kú,nə́wù,kú,ə̀,ə̀,ɓù (lɨ́),wù (cí),wú (lè),ú (lí)
141,live (be alive),kú (lə̀),ù lə̀,nə́ɗí,kú,hɨ̀ (lə̀),ù (θə̀),nə̀dɨ́,wṳ̀ (dɛ́),,nɑ́n
142,liver,ɲíɲí,nìnì,ɲì,ɲwíɲwí,ɲí,ɲi,ɲí,ɲí,ɲí,ɲi᷇
143,locust bean tree,d͡zwìsɔ̀tɔ́,kə́ɗwìj̥ɛ̃̄,kə́jí,ɗwí,ɗwí (kə̀p),(kə̀p)lwí,l̪wəī,lwəī,mɛ̄ʃɛ̀,mɛ̄ʃɛ̀
144,long,fĩ̄,vĩ̄(lə̀),ŋùŋwì,gwɛ̀n,gwēn,ɑ́ gónì,d͡ʒúnā,d͡ʒúnā,g͡bɨ́nə́,g͡bɛ̀nɛ́
145,maize,íʍɛ̃̀,mɨ̀ŋkwɛ̃̀,mìcĩ́,kũ̀nɑ́,mūŋkúnɑ̀,mìŋkúnɑ̀,jɨ̀ɾɑ̀kwâŋ,g͡bɨ́g͡bɑ̀nì,jə́bô,jɑ̀ɓô
146,man,íbwì,jìbwî,nìmɓì,jǔ,ìɓé,lìɓeí,lɨ́bəì,lɨ́bəī,lúbɨ̀,líɓɛ̄
147,many,íj̥ã̀nɨ̂ŋ,k͡pɑ̃̀lə́,bɨ́bəì,k͡p̥ã̀lɛ̌,k͡pã̄,k͡pɑ̃̀díŋ,lɨ̀k͡pã̄lì,ɗə̀ŋɑ̀,wé (dɑ̀mə̀jɛ̀),wě
148,me,mì,mì,mì,ɓə̀ŋ,ɓə̀ŋ,mì,mə̀,mì,mì,mɪ̀
149,meat,j̥ə̃́,ɥ̥ə̃́m,ɲē,ɲə̌,ɲə̌m,ɲə́m,ɲə̀m,ɲə́m,ɲə́m,ɲə̂m
150,metal,bī,ɓì,ɓwí,ɓwí,ɓwí,ɓwí,bí,bí,bìp,bít
151,millstone,ɲí,nì,ɲwɑ̀ɲwì,ɲí,ɲí,ɲí,ɲí,ɲí,ní,nî
152,moon/month,ìɥ̥ĩ́,fíɥ̥ìm,fĩ̀,fī,fí,fî,pi᷇,píː,pí,pǐ
153,mortar,t͡swā,d͡zwə̀m,ìdəù,zwēn,vèn,zwɑ̀n,də̀ːn,dɑ̀n,dɑ̀n,ʃî
154,mosquito,d͡ʒɑ́,ɗjɑ̀,jɑ̀,bjɑ̀,ɓjɑ́,ɓjɑ̀,ɓē,ɓē,ɓɛ́,ɓɛ́
155,mother,nɑ̌,nɑ́,nɑ̀,nɛ̂,nâ,nɑ̂,nâ̤,na᷇,ní,nɑ̂
156,mountain,té,teì,təì,tə̀l,tɑ̃́l,tɑ̀l,tə́l,tɑ̀l,tɑ́l,kwʊî
157,mouth,ŋwɑ́,ŋwɑ̀,kə́ɲwɑ́,ŋwɑ́,ŋwɑ́,ŋwɑ̀,nwā̤,ɲwɑ̀,ɲwɑ́,ɲwɑ̤̄̀
158,mud,bɨ̀bɔ̀,d͡ʒúd͡ʒwə̀,ɟúɟə̀,swə̂b,swɑ́b,dìɓɔ̀k,swɑ́b,dɔ̀ɾɔ̀b,dòb,dìdób
159,nail (v),pí,pī,bə̀,pì,pí,pî,ɓɔ́k,pē,bɛ̀k,bɛ̀ɾɛ́
160,name,d͡zúŋ,ɗíjíŋ,dũ̀,ɗwín,ɗwín,ɗun,ɗín,lɨ̄n,lɨ́n,lɨ̂n
161,narrow,tə̃̀,tə̀,pjɛ̃̄,tə̀p,tə́b,tɑ̀p,mínə́ŋ̂ː,ɓɔ̀nɔ̄ŋ,mɛ̀ʃí,ɓɛ̀ɾɛ́ŋ
162,near,cə̃̀,bə̀pí,ɓə̀dɛ̀,cə̀n,cénsə̌ŋ,ɓə̀d͡ʒì,ɓə̀dí,gə́gə̄b,pē,pē
163,neck,t͡ʃwī̤,d͡ʒwìm,ɟwí,dūl,dúl,dwùl,dūl,dùl,dūl,dòl
164,new,ɑ̀ hú,ɑ̀ fû,ɑ̀ fù,ɑ̀ fú,ɑ̀ fú,ɑ́ fú,lə̀ fūː,ɑ́ fù,kə́ fǔ,kə́ fṳ̄
165,night,ǹ̩vì,ɗɨ̀ŋvi ̀,nɨ́ŋ vē,vì,(nɨ̀ŋ) vì,(núŋ) vi ̀,vōrə̀,vōlè,vɛ̀ɾɛ̀,vɛ̀rɛ̀
166,nine,ɥ̥ĩ̀ɲə̂,ɥ̥ə̀ŋɥ̥ə̀,ɟēnəì,swə̀ŋ swə̀p,sùsúlɑ̀,sɔ̀ŋ sɔ̄p,lɑ́sɔ̀ŋ,lɑ̀ʃòŋ,nìnìt,nínít
167,nose,d͡ʒwí,(ɓwɑ̀)ɗwì,ɓwɑ̀dũ̀,ɗúɾ,ɗúɾ,ɗúɾ,ɗūrə́,lwílí,lúɾī,lúɾī
168,oil,ɲwì,nwì,ɲwì,ɲwì,ɲwì,nwì,ɲwí,ɲwié,nwì,nwì
169,old (not new),ɑ̀ cwí,ɑ̀ cwì,cwɛ̀,ɑ̀ kū,kûŋ,ɑ́ kú,kʊ̄ɾɨ́,kólí,kɔ̀rɛ̀,kóɾɛ̄
170,old (not young),cwí,cwíŋ,cwɛ̄,kū,kûɾ (jú),kùlì,kʊ̄ɾɨ́,kólí (lê),kɔ̀rɛ̀,kōɾē
171,on,kú,kù,kô,lō,lō,lò,ləú,lǒ,lwē,lwē
172,one,t͡sɨ̄ŋ,t͡sɨ̀ŋ,cùŋgɑ̀,kwɨ́n,kwín,kún,cwîn,swím,kwín,kwîn
173,open,bē,ɓəì,bò,ɓō,ɓō,ɓəù,bɑ̀,ɑ́bɑ̀,bɑ̀,ɓɑ́
174,open (eye/mouth),ɑ̀,ɓəì,bò,ɑ̌,âː,ɓəù,bɑ̀,ɑ́bɑ̀,bɑ̀,ɓɑ́
175,owl,ɲǐɲì,nînì,ǹ̩hĩ́hĩ́,ɲíɲí,ɲǐɲî,ɲíɲī,ɲíɲī,ɓíʃī,bíʃì,bíʃī
176,person/people,ìfɨ̄,jívɨ̀,nùwɑ̀,jú,jú,jú,jùgūl,júgùl,lúl,lu᷇l
177,play,nɨ́ŋt͡sɑ̀,nɨ́ŋt͡sɑ̀,ɓə̀ŋ,nɨ́ŋt͡ʃɑ́,gə̀bnɨ́ŋ,ɲìmnúŋ,ɲīmnūŋ,ɓɑ́ŋ,fɨ́lə́ɓə́ŋ,kēlē
178,porcupine,fjó,fjəù,wə́kə́kì,t͡ʃɨ́lə́ŋ,t͡ʃílɑ́ŋ,lɑ̀nðə̀,taî,təí,təí,tɛ᷇
179,pull,fɨ̄,vɨ̀,gù,gɨ̀b,gùb,gùb,gūb,gúb,gūb,gṳ̄b
180,pull up,d͡zwū,ɗù,lù,lɨ̀b,lùb,lùb,lūb,lúb,lùb,lūb
181,push,tó,t͡sò,ló,tɔ̀k,tɔ́k,tɔ̀k,tɔ́k,tɔ́k,tɔ́k,tɔ́k
182,python,mì,mì,mwí,mwî,mwì,ɓɨ̀ŋɑ̀,mí,mî,mílɨ̀m,mi᷅
183,rabbit,t͡sɨ̀lɛ̂,t͡ʃíɗìjɛ̀,ń̩cíləì,sɨ́ɓɛ̂,sɨ́ɓê,tɨ̀ɟɑ̀,tíd͡ʒɑ̀,tíd͡ʒā,wɔ̄m,bɨ̀ɾtəú
184,rain,mɨ́ŋ,mɨ̀ŋ,mɨ́ŋɲìló,mū,múŋ,mùŋ,mɨì,məī,mɛ̤̄,mɛ̄ (gɑ̀k)
185,raven,kɨ̀ŋkâ,kɨ́ŋkɑ̃̀,ŋɑ́ŋɑ́,zɨ̀ɾɑ́k,zɨ̀ɾɑ̀k,ǹ̩ðìɾɑ́k,nâzɨ̀ɾɑ̀k,gāmɔ̀,gə̀mgə́m,gɑ̃̀k
186,red,j̥ɛ̃̄,j̥ɛ̃̄,ɑ́ʒɛ̃̄,zɛ̄n,zēn,á ðə́nì,ɲín,ɲɛ᷇nɛ̀,ɲɛ̄nɛ̄,ɲɪ̄n
187,red soldier ants,sã̀,sɑ̃̀,θɑ̃̀,sɑ̃̀,zɨ́ŋzēn,θíŋɑ̀,zwə̀,ʃíbō,t͡ʃíwā,tʊ̀ŋɛ̀
188,refuse,lɑ́,lɑ̀,jə́,lɑ́,lɑ́,lɑ̀,jɨ̀bə̀,ɲóbā,lɑ́,lɑ̀
189,ring,fī,nɨ̀ŋfî,nɨ̀ŋkə̀nɑ̀,swə́m,(nɨ́ŋ) kū,kùnɑ́,(nūŋ)kû,kú,nùŋnɑ́d͡ʒùnɑ̀,ɓwí(nɑ̂)
190,river,ŋwə́,ŋwə̀m,ŋù,d͡ʒwə́l,ŋwə̀m,dwɑ̀l,wúmɑ̀,wúmɑ́,tùlɔ̀,wɔ́mɑ́
191,road,nɨ̀j̥ã̀,nɨ́ŋgɑ̃̀,nɑ̀gɨ̀ŋ,lɛ̄,nɨ́ŋ lɛ̂,núŋ leì,ɗɨ́ɾɑ̀,lólɑ̀,lɑ́t,lɑ́t
192,root,ɥé,ɥèm,jì,pí,jɨ̂ŋ (kə̀p),ɗík,jə́ŋ,jə́ŋ,ɗík,d͡ʒùmì
193,rope,bè,ɓəì,ɓəì,ɓɨ́l,bə́l,ɓə̀l,ɓə̀l,ɓə̄l,ɓə̄l,ɓél
194,rotten,ɥ̥īː,ɥ̥ì̤,vɨɛ̀,zú,(ɑ̀) zǔː,zû,zùɾɑ̀,d͡ʒūlɑ̀ (lɑ̀ nūŋ),d͡ʒùɾə̀,ʊ̀mɑ̀lɛ́
195,round,kwā,kwɑ̀m,kwé,d͡ʒɨ̄n,(ɑ̀) d͡ʒīn,jɨ̀lɨ̀ŋ,círgɨ̀,gíljə̀ŋ,gā,gɑ̀ (lɛ̄)
196,rub,nū,fì,fɑ́,fɑ́,ɲū,fɑ́,zūŋ,ʃâ,ʃə́kə́,ʃə́kɑ́
197,salt,t͡ʃìkwɛ̃̀,zɨ̀kwə̃ì,dwè,dē,dē,dəì,dəì,dəì,dē̤,dɛ̄
198,sand,ɥ̥ɑ̌ɥ̥ī,ɥ̥ɑ̂nɥ̥ì̤,fɑ́vī,swɑ̌zwī,swɑ̀zí,swɑ̀zwí,swɑ̀zwē,ʃwɑ́ʒwəì,bə̀ŋʒwē,ʃwɑ̀d͡ʒwē̤
199,say,t͡sɑ̀,(kɨ̀ŋ) kɑ̂,kìjè,d͡ʒē,(ɑ̀) d͡ʒē,gəì,gəì,d͡ʒē̤,gē,gē̤
200,scratch (destructive),kwã̀,fə̀ŋ,hũ̀,kwã̀,fɛ̃̄,kwəìlə́,pəí,g͡bɑ́ɣɑ̀,k͡pɑ́kə́,ílɑ́
201,scratch (not destructive),fə̀ŋ,fə̀ŋ,ɓə̀,fɛ̃̄,kɔ̄,kwəìlə̀,pəí,pəī,pɨ́ɾɛ̄,k͡pɑ́kɑ́
202,see,bə̀,ɓə̀,ɓì,ɓî,ɓí,bjɑ̀,lə̀ŋ,nə̄ŋ,nə́ŋ,nə᷇ŋ
203,seed,pjə̀nɨ̄ŋ,bjə̀nɨ̀ŋ,ɟɑ̀,bɛ̄nūŋ,bjə̀nɨ̄ŋ,bénùŋ,lók,lɔ́k (nūŋ),lɔ́knùŋ,lɔ̀knūŋ
204,seven,ɥ̥ìjûŋ,ɥ̥ĩʔĩù,ɟēɗíɗí,nɑ́rè,nɑ̀nd͡ʒēɾē,nə̀nə̀ íɾɑ̀,nɑ̀ɾɑ́,nɑ̌lɛ̀,nɑ́ɾə̀,nɑ́ɾɛ̀
205,shadow,kwə́ŋ,kwə̀ŋ,ń̩ɟɨ́ŋ,jílɨ̀ŋ,kúlwə́ŋ,cílɨ́ŋ,cɨ̀lɨ̌ŋ,ʃílɨ́ŋ,ʃílɨ̀ŋ,ʃílɨ̄ŋ
206,shake(object),jò,jəú,ʒē,wɑ́p,zɨ̄ɾ,lə́m,bìrí,d͡ʒɛ̀kɾì,lɨ́mə́,lə́mɑ́
207,shame,súkú,sɨ̀kù,nɨ́jəù,súkú,súkú,θɨ̀kù,sɨ́kəúlɨ́,ʃɨ̀kəùlé,kólóʃít,kɔ́leʃít
208,sharp,lə́,lə̀m,lìlē,lə́m,lə̀m(ɗɨ̃́m),lə̀m,ɥɑ́ː,ɥɑ́,ɲɛ̄t,ɲɛ̄t
209,sheabutter tree,t͡swə̃́,(kə̀)t͡swə̀,kə̀tɑ̀,ɨ́mɓɨ̀lɨ́m,swə́b,kə̀pkíl,gwɑ̀m,tóp,ɗwə́m,ɗóm
210,shield,ǹ̩kĩ̀,ǹ̩kĩ̀,ɟĩ̀,d͡ʒèn,d͡ʒēn,ɟēn,jùbɑ̀b,júbɑ̀b,kɔ̀tɔ̀ŋ,kɔ̀tɔ̂ŋ
211,shoe,hṹ,bɨ̀m,hũ̀,ɔ̃́,ɔ̃́,əũ̀,wɑ́ŋmú,wə̀ɣməì,wɔ̀ŋmì,wə̀ŋmɪ̄
212,shoot,tɑ́,tɑ̀,tɑ̀,tɑ̀,tɑ́,tɑ̀,tɑ̌,tɑ́,tɑ́,tɑ́
213,short,kũ̄kũ̄,tɨ̀ŋtɨ̀ŋ,ŋwìɲú,túl,tùltùl,jɑ̀ðə̀m,tûl,g͡bə́lɑ̀,kɨ́n,ke᷇n
214,sing,lē (bí),leì (ɓìm),d͡ʒwì(dwì),lɨ̀b (ɓín),lūb (ɓín),lù (ɓìn),twɑ̌ (zi),twɑ́ (d͡ʒì),twɑ́ (d͡ʒì),twɑ̌ (ɓə̂ŋ)
215,sit,kú (ɥ̥ɑ́),kù,wɑ́θə́,ɨ̀ (swɑ̀),ə̀ (ɨ̀nə́ ə̀),ə̀ (swɑ̀),wṳ̀kúlə̄,wù,wúlí (ʃwɑ̀),ú
216,six,ɥ̥ĩ̀t͡sɨ̂ŋ,ɥ̥ĩ̀t͡ʃùŋ,nēǹ̩cò,nə́ɾə̀nkwín,nə̀ɾɑ̀nkwín,nə̀nə̀ kún,nɑ́sɨ́n,nɑ̀ʃîn,níʃín,nɑ́ʃīn
217,skin,t͡swə̀,d͡zwə̀,jwə̀,swə́l,swə́l (kwə́ŋvē),swɑ́l (θə̀),lɨ̀kɑ́,lə́kɑ́,lə́kə́t,tɔ́l
218,sky,d͡zwê,ɗwìjé,ɲìləú,lò jí,lò jí,lò wɑ́jí,ílə́,jélī,jɨ́lɨ́,gɑ̀k
219,sleep,nɨ́ŋlwé,nɨ̀ŋlwəì,nɨ̀ŋləù,nùŋló,nùŋ ló,nùŋló,nūŋləù,nūŋləù,nūnləú,núŋləû
220,small,fɛ̃́nî,t͡swə̀nî,ɑ́ θɑ̀ŋ,ɑ̀ t͡ʃwə́b,(ɑ̀n) zə̀ŋ),ɑ́ twɑ̀p,kɨ́ɲə̂ŋ,tóp,tòp,tìjɔ̀b
221,smell,tɔ̀,(jí)jē,jē,jɛ̀l,kùm,jēlī,kūm,jɑ̀lɛ́,ʃínɑ́,jɛ̄lɛ̀
222,smoke,ɥī,ɥ̥ì (ɗwɑ̂),ðɨú,d͡ʒù,d͡ʒū,dù,dû,wú lwɑ̀,dùŋɔ̀,wṳ̄
223,snail,ɥ̥è,ɥ̥ē,ǹ̩fjɑ̀,swè,fê,swē,sɔ̀,ʃó,pî,pɪ̂
224,snake,t͡sō̤,d͡zəù,ɟəù,bjɔ́k,bjə̀ŋ,bjēk,bjə̀k,bjə̀k,bjə̀k,kémlém
225,soup,ɥɑ̀,ɥɑ̀,dù,wɑ́,wɑ̀,nùŋ ɓwɑ̀lì,nūŋvɨ́,núŋvə̀,nùŋʃē,nùŋʃé
226,sour,ŋə́,ə̀m,nɨ̀ŋəi,ə́m,ə́m,ə̀mí,ɲwī,nwí,nwí,nwí
227,speak,nə̀,nə̀,hòɲwɑ̀,d͡ʒē,bə̀ŋ gə̄,gəì,gəì,d͡ʒē,gē̤,gē̤
228,spear,bwí,kə́ɓwì,bwì,mwə̀mlò,mwə̄m,kə́ɓwì,kə́ɓé,mɔ́m,mwə̀m,mɔ̀m
229,spider,nɑ̌ndə̀ŋ,kɑ̂ndə̀ŋ,-,t͡ʃìɾɑ̀ndə́ŋ,gɾə̀ŋgɾə̀ŋ,díndə̀ŋ,dɨ̀ŋdə́ŋ,də́ŋdə̀ŋ,ʃênìmə̀m,lə̀ŋɑ̀
230,spit,t͡ʃìt͡ʃí,t͡ʃìt͡ʃì,twìtwì,t͡swìt͡swî,t͡ʃwìt͡ʃwî,tùtwî,sùswê,ʃwíʃwě,twî,twē
231,split,pɨ̃̀,pɨ̀m,cəúnɑ́,sə̀ŋ,(ɑ̀) sə̀ŋ,θə̀ŋ,g͡bɑ̌,ɓɑ̀n,ə̀ŋ (dɛ̀ɾɛ̀),ə̀ŋ
232,squeeze,kə̃́,kə̀m,kɨ̃̀,kə̀m,kə́m,kə̀m,kə̌m,kə́m,kə́m,kə́m
233,stab,pə̀,bəù,bə̀,bɛ̄,bjɛ̄,bəì,bə̀,bə̀,bɛ̄t,bɛ̀t
234,stand,t͡sɨ̀,d͡ʒì,cəú(θə́),dɛ̄,dɛ̄,dē,də̤ì,də̤ì,dè̤̄,dè̤̄
235,star,ǹ̩d͡zɨ̀ŋ,d͡zɨ̂ŋ,ǹ̩ɟɨ́ŋ,bɨ̀n,bjɨ̂n,vìn,bēn,bēn,ɓə́sə̀l,ɓə́ʃə̂l
236,stick,bwə̀kə́,ɥ̥ə̀kə̀,cwəì,súkwə̀b,súkwə̀b,ðə̀mkə̀p,tûl,ɲə́lə̀ŋ,d͡ʒɑ̀b,d͡ʒɑ̀b
237,stomach,ɥɑ́,ɥɑ̀,ɥɑ̀,wɑ́,wɑ́,wɑ́,fû,fū,fū,fū
238,stone,té,teì,təì,tə̀l,tɑ̀l,tɑ̀l,tɑ̃́l,tɑ́l,tɑ́l,tɑ́l
239,straight,t͡ʃĩ̀,t͡sə ì(ɥ̥ɑ̀),θɑ̃̀,dɑ̀ːsí,zə́l,d͡ʒwɑ̀n,ɲwēn,gùb (ī),k͡pɑ̀r,ʃwə̀lɑ̀(ʃē)
240,suck,ṹ,ũ̀,ŋəù,ɔ̀ŋ,ɔ̀ŋ,ɔ̀ŋ,ə̃ú,ʃú,ɑú,ʃùmì
241,sun,fǐ,fî,fē,fǔ,fū,fū,fâɾ,fɑ́lɛ̀,ɓəì,ɓɛ̄
242,swallow,mī,mī,mī,mī,mí,mì,mī,mī,mī,mī
243,sweet,kúlə̀lə̀,lə̀plə̀p,mɨ̀mə̀n,lə̀blə̀b,lə̀blə̀b,lɑ̀ɗìn,tɛ̄lə̀,təí,tē,mɑ́
244,sweet potatoes,kə́lə̀kó,kɨ̀tɑ́kəù,kə̀ɾkò,kə́tə̀kò,kɨ́tɑ̀kəú,kɨ́tɑ́gəù,kɨ̀tɑ́gō,kɨ́tə̀ngū,cítɑ̀kɨú,ʃɨ́tə̀ŋcəû
245,swell,hɛ́,həì,jē,hɑ́ɾ,fə́m,hɑ́ɾ,fə̀m,lɔ̀k,fúm,fú(ɾì)
246,swim,jí (mɨ́ŋ),ìmɨ̀ŋ,gɑ̀mɨ̀ŋ,ɛ̀ (mū),lɑ́ (mūŋ),ɑì mùŋ,aí(mwī),g͡bə̀bə̀məī,g͡bə́bɑ̀mɛ̄,g͡bə́bɛ̄mɛ̄
247,tail,kə́ɲì,kə̀ɥ̥ɨ̂ŋ,kə̀ðɨ̀ŋ,zɨ̀ːŋ,zə́ŋ,ðɨ́ŋ,ɥēn,ɥén,wēn,wɪ᷇n
248,take,dɨ̀,ɗɨ̀̀,jɨ̀,lē,lē,ləì,pɨ́,pí,pí,pí
249,tears,gə̃̀mí,nɨ̀ŋmɨ̀ŋ,ǹ̩gùmì,kə́mbɨ̀ɾ,gɨ̀mɓɨ́ɾ,mùŋnúŋ,númwî,məínūŋ,mɛ̄núŋ,mɛ̄nûŋ
250,ten,ɥ̥ə́,ɥ̥ə̀,nə̀θē,swə̀b,swə̄b,sɔ̀p,swəb,ʃúwób,ʃôb,ʃɔ́b
251,they,lè,lè,ń̩,í,î,ì,ní,ni᷇,jē,nɛ́
252,thick,jɔ̀,múmwə̀,mùmwə̀,mɛ̄,(ɑ̀) mjɛ̄,mwùɗíŋ,(kə) mwúɾə̀,ɓínɑ̀,mút,ɲím
253,thin,k͡pə́nə́ŋnə́ŋ,kɨ́nə̀ŋkɨ́nə̀ŋ,ðɨ̀ŋú,ɲə́p,əùɾē,ɑ̀ cɑ́bì,(kə) júɾə̀,ljéŋljéŋ,wùɾɛ̀,wíŋkíwíŋkí
254,thing,nɨ̄ŋ,nɨ́ŋ ɓɨ̀,nɨ̀ŋ,nūŋ,nɨ̄ŋ,nùŋ,nūŋ,nūŋ,nūŋ,nūŋ
255,think,cɛ̃́,cèm(bí),bə̀ŋ,zí,(ɑ̀) zí,ŋə̀m(bɑ̀),ŋə̀m,ə́m,ɲə́m,ɲém
256,three,tə́,nə́tə̀,nə̀tə̀,tɛ̄,tɛ̄,təì,tə́t,tāːɾ,búnú,búnúŋ
257,throw,wɑ́,wɑ̀,tɑ̀,wɑ̀,wɑ́,wɑ̌,wɑ̀,wā,wɑ́,bjɨ̄ŋ
258,thunder,gã̀fɨ̀,gɑ́mvəù,gə̀ŋvwē,kwə́ŋvɨ̀ɾ,gɑ̀ŋfɨ́ɾ,gɑ̀mvɨ̂ɾ,gɑ̀mvɨ̀r,nɑ́nì,gɑ̀mvùɾùm,ɡɑ̀mvùɾùm
259,tie,t͡sə́,t͡sə̀,cɑ̀,t͡ʃə̀b,t͡ʃə́b,θə̀p,sə́b,ʃə́b,lép,tép
260,today,d͡ʒɛ̀nɨ́,lɨ̀jɛ̀,ìθɑ̃̀nɑ̀,ƙījɑ̀,ƙìkɑ̀,ɗìgɑ̀,ɗə̀sî,ɑ́ʃì,ɗî,ɗî
261,tomorrow,bə̀ŋ(pɨ̀cĩ́),bɨ̀ŋ,(nə́m)bə́ŋ,(ìm)būŋ,bûŋ,būŋ,vəì,vəì,vē,vē̤
262,tongue,lə́,lɨ́jɛ̄m,lə́ŋ,ƙīm,ƙík,ljén,lěn,ɗə́k,ɗə́k,ɗə́k
263,tooth,d͡ʒī,ɗí,jɨ̀ɟɨ̀,lɛ̄,lɛ̄,ləí,ləì,ləī,ləí,le᷇
264,tortoise,kwə́ŋ,kwə̀ŋ,hũ̀,kwóŋ,kwə́ŋ,kɔ́ŋ,kɔ́ŋ,kɔ́ŋ,kɔ́ŋ,kɔ᷇ŋ
265,tree,kə́,kə̀,kə̀nɨ̀ŋ,kə̀b,kə̀b,kə̀p,kə́b,kə́p,kə́p (ɗít̀̚),ɗít
266,truth,bɛ̄nɨ̀ŋ,bì ɑ̀gɑ̀ŋ,bɑ́lə̀ŋ,bɛ̄nùŋ,blə̀ŋ,bɑ́lə̀ŋì,gɔ̀ŋgə́,kə́ nūŋ,kɾénùŋ,kénùŋ
267,turn,mjɛ̄,mjɛ̂m,jɨ́ŋ (ŋəù),mɨ̀ɾɑ̀m,mɨ̀rɑ́m,mɨ̀ɾə̀m,bjɨ̀nâ,pí nā,kō,wúnɛ̀
268,twenty,ŋwút͡sɨ̀ŋ,hwùnt͡ʃɨ̀ŋ,ɟɛ̃̀ǹ̩cò,zɨ̀mkwɨ̀n,zɨ̀mkwín,ðìmkún,fɑ́cwím,fɑ̀ʃwín,ʃúrɑ̀b,fákwîn
269,twist (v),bɨ́ŋ,kwɑ̀m,lə̀ŋ,kɨ̀ɾɛ̄,kùlɑ̀m,kùlwàm,bɨ́lə́m,ɗɑ́p,pɨ́ɾɑ́m,ɓélém
270,two,jǔŋ,nə́ʔiù,nə̀jɑ̀,rɑ̀b,rɑ̀b,ɾɑ̀b,ɾāb,lɑ̀ːp,ɾɑ̀b,ɾɑ̀b
271,under,bwɑ̀,ɓwɑ̀w,bò,pí,pìw,pīswɑ̄,ɓwâ,bī,bí,bì
272,vomit,d͡ʒə́,nɨ́ŋɗjèmnɨ́ŋ,bjē,ɓíjém,ɓém,ɓēmē,ɓjə́m (nūŋ),ɓə́m,ɓóm,ɓo᷇m
273,walk,hō,hò,ðòbò,zō,zɔ̀,ðəù,wō̤,wé (lè),wēlé,wē(lé)
274,warm,lwùlwù,lùlùb,lɔ̀jòŋ,swēn,ɓɨ̀lə̀b ɓɨ̀lə̀b,ɗùmɗùm,ɗúmɗúm,ɓúm,ɓúɾùm,ɓùɾùmɓùɾùm
275,wash,lǒ,lô,vɑ̀,ɗjòk,ʔijɔ̀k,ɗìɣɑ̀,zwɑ́b,d͡ʒōb,d͡ʒɔ̀b,d͡ʒòb
276,water,mɨ́ŋ,mɨ̀ŋ,mìcɑ̀,mūŋ,mūŋkwɑ̀m,mùnkì,mɨ́t͡ʃə́,mìʃíjè,mɛ̄,mɛ̄
277,waterpot,d͡zɔ̃̀,d͡zə̃ù(mɨ̂ŋ),θē,d͡ʒìmɔ̀,bɔ̀,bəùmùŋ,zɑ̀,d͡ʒɑ̀ː,tə́m,te᷇m
278,we,bɨ̀,ɓɨ̀,ɓì,ɓī,ɓí,bì,ɓí,ɓì,ɓí,ɓó
279,well,bwɑ̀mɨ́ŋ,ɓwɑ́mɨ̀ŋ,wɑ́bù,ɓwɑ̀mūŋ,ɓwɑ̀mūŋ,ɓwɑ̄mū,ɓwɑ̀mwìn,ɓwɑ́məì,túŋɾūŋmɛ̄,ɓwɑ̀mɛ́
280,wet,ɲə́,tɑ̃̀,jə̀ɓjɑ̀,ɓwē,(ɑ̀) ɓwɛ̂,lɑ̀ɓwē,ɓɨ́ɾə̀,jǐ,tɨ̀mɑ́,tə́mɑ́
281,what?,bə́dé,ɓə̀,ɓɑ̀,ɓējɑ́,mə́,ɓə́,ɓə́,ɓə́,ɓɑ̌,ɓɛ̄
282,when?,dónɨ́,dəù,θɨ̀ŋwì,ɓɨ́lɨ́jɑ́,nɨ̀ŋŋɔ̀,nɨ̀ ɓə̂,d͡ʒəú,d͡ʒəú,d͡ʒəū,d͡ʒəù
283,where?,bêdé,pē,ŋ̩̀̀gɑ́,pɑ̌,pɑ̀,pɨ̀lɑ̂,laɛ́,lá,lējɑ̀,lə́
284,white,fɨ̄,kɔ ɑ́ və̀w,jə́vù,vɨ̀rɨ̄m,(ɑ̀m) vɨ̀ɾɨ̀m,vɨ̀ɾɨ̀m,vɨ̄ɾɨ̀m,vùlùm,vɨ́rùm,vùɾūm
285,who?,wə̀dé,wə̀,ɗɑ̀jɑ̀,jɑ́,jâ,jìtɨ̀n,wəì,wó,wəí,wəi᷅
286,wide,pjə̀ŋ,pjə́ŋ (lə̀),pjə́ŋ,ɛ̄,ɛ̄,ɑì ɗɨ́n,aílɨ́,əī,bìɾɛ̀,mùɾí
287,wife,hē,hē,ʃì,ìsí,sí,ʃɨ́m,lɨ́sɨ́jē,ʃē,líʃəí,líʃɛ̂
288,wind,ɥɑ́,ɥɑ̤̀,ɲɑ̀cɑ̀,wɑ́,wɑ́,wɑ̀,ɥâ,ɥɑ́,wúbɛ̄,wə̀bɛ́
289,wing,ŋwɑ́kə́nt͡ʃɛ̃̄,ŋwɑ̀kə́t͡sɛ̃̂w,m̩̀̀bə̀lkɑ̀bì,wɑ̀ŋcēn,cèn,ŋwɑ̀kə̂n,ləùbjɛ̄l,ʃɛ́nɛ̄,ʃínɪ̀,ʃínì
290,wipe,nū,fì,fɑ̀,fɑ́,fɑ́,fɑ́,fɛ̀ɾɑ̀,pìlá,pìɾɛ́,pɛ̄rɛ̄
291,witchcraft,bwē,ɓweì,bwìtə̀ŋ,bwí ēsā,jêɓwí,jɑ́ bwí,lē (ɓjē),ɓē,ɓwí,ɓwi᷇
292,woman,íjè,jɨ̀heì,nìʃì,ìsí,jɨ̀sí,jìsí,lɨ́sɨ́jē,líʃē,lwɑ̂líʃəì,líʃɛ̂
293,word/speech,bì,bì,ɲɑ̀hō,bɑ̀,bɑ̀,bɑ̄,sɔ́kɑ́,ʃɔ̀,ʃɔ̄ː,ʃɔ
294,work,ŋwɑ́tṹ,ŋwɑ́t͡sùm,nɨ̀ŋnɑ̀,núŋtó,nɨ̀ŋt͡ʃò,nūŋtō,nūn ǹ̩tò,túmí,tǔmí,túmí
295,write,vĩ̀,vĩ̀,bəì,mɑ̀p,sɑ́ɾ,vɨ́(lɑ̀),vɨ̀ (nə́lì),vɑ́(lɑ̀),ʃə́t,ʃét
296,year,hɑ́,hɑ̀,θɑ̀,sɑ́,sā,θɑ̀,sə́l,ʃɑ́l,ʔɛ̄lɛ̄,ɛ᷆
297,yell,kí ŋwɑ́kwə̀ŋ,lwílwì,ɲèkwé,bɔ̄kbē,bɔ̀kbē,bɔ̀kŋwɑ̀,bɔ̀kvəí,g͡bə́b ɲwɑ̀,g͡bə́mə́vē,ɓɑ́ɾɑ́
298,yesterday,dò,ɗjəù,nɨ́ŋɟɨ̃́,ƙí,ɗî,lɑ̀lì,lē,líjè,lɛ̄,lɛ᷇
299,you (sg),mə̀,mə̀,mə̀,mə̀,mɑ̀,mɑ̀,mwə̄,mɔ̀,mò,mɔ̀
300,you (pl),bə̀,ɓə,ɓɑ́,ɓɑ̀,ɓɑ̀,ɓə̀,ɓí,jɑ̀,jē,jɑ̀
